id,firstname,lastname,nickname,gender,age,email,mobile,created_at
1,Smit,Sonani,ss,Male,20,smit@example.com,+91-1030504001,2025-12-24 10:24:45.360372
3,Kamal,Hasan,ks,Male,30,kamal@example.com,+91-9190909190,2025-12-24 10:24:45.360372
4,Maya,Karadiya,mk,Female,34,maya@example.com,+91-9300930010,2025-12-24 10:24:45.360372
217,Gaurav,Bhardwaj,chopravinaya,Male,40,kritika11@example.net,+914967748849,2025-12-29 05:27:35.241918
218,Kala,Sant,dugarvedant,Female,28,nkumar@example.org,03686862795,2025-12-29 05:27:35.241918
219,Zashil,Mukherjee,mitesh42,Female,30,ekani18@example.net,09950186581,2025-12-29 05:27:35.241918
220,Girindra,Pant,balayyash,Female,40,uvenkatesh@example.com,+918535150925,2025-12-29 05:27:35.241918
224,Darpan,Chandran,virkeshana,Male,21,bishakhawason@example.org,04558833607,2025-12-29 05:29:17.735213
226,Krisha,Varghese,lohit19,Female,39,owenbahl@example.com,8288942691,2025-12-29 05:29:17.735213
227,Sai,Sandhu,neha47,Female,29,mananchatterjee@example.com,+918324608321,2025-12-29 05:29:37.757276
230,Darsh,Karpe,desaiamrita,Male,22,ldutt@example.net,03018513411,2025-12-29 05:29:37.757276
232,Bhavini,Minhas,diya45,Male,33,kabirvala@example.org,+917262955019,2025-12-29 05:30:29.415442
233,Megha,Mammen,abhabajaj,Male,24,osha09@example.com,4039466593,2025-12-29 05:30:29.415442
235,Siya,Munshi,anikahalder,Male,28,ladmanan@example.net,0373197547,2025-12-29 05:30:29.415442
237,Hemangini,Hora,bassiekaraj,Male,32,hkeer@example.net,05607308043,2025-12-29 05:31:39.791845
240,Yashodhara,Sarraf,ronithmitter,Female,23,nikita67@example.org,8846191055,2025-12-29 05:31:39.791845
241,Priya,Bajwa,eesha38,Female,38,vinaya99@example.com,07934711571,2025-12-29 05:31:39.791845
